"id","label"
20800,0
20801,0
20802,0
20803,0
20804,1
20805,0
20806,1
20807,0
20808,0
20809,1
20810,0
20811,1
20812,1
20813,1
20814,1
20815,0
20816,0
20817,1
20818,1
20819,1
20820,1
20821,0
20822,1
20823,1
20824,1
20825,0
20826,1
20827,0
20828,1
20829,1
20830,1
20831,1
20832,1
20833,1
20834,1
20835,0
20836,1
20837,1
20838,1
20839,0
20840,0
20841,0
20842,1
20843,0
20844,0
20845,1
20846,1
20847,1
20848,1
20849,1
20850,1
20851,0
20852,1
20853,1
20854,0
20855,1
20856,1
20857,1
20858,0
20859,1
20860,1
20861,0
20862,1
20863,0
20864,1
20865,1
20866,0
20867,1
20868,1
20869,1
20870,1
20871,0
20872,0
20873,0
20874,0
20875,0
20876,1
20877,0
20878,1
20879,0
20880,1
20881,1
20882,1
20883,0
20884,1
20885,0
20886,0
20887,0
20888,0
20889,0
20890,1
20891,1
20892,0
20893,0
20894,1
20895,1
20896,1
20897,1
20898,1
20899,0
20900,0
20901,1
20902,1
20903,0
20904,0
20905,0
20906,1
20907,0
20908,1
20909,0
20910,0
20911,1
20912,0
20913,1
20914,0
20915,1
20916,0
20917,1
20918,0
20919,1
20920,1
20921,1
20922,0
20923,1
20924,0
20925,1
20926,1
20927,0
20928,0
20929,0
20930,1
20931,1
20932,1
20933,0
20934,0
20935,0
20936,1
20937,0
20938,0
20939,0
20940,1
20941,0
20942,0
20943,1
20944,0
20945,0
20946,0
20947,1
20948,1
20949,1
20950,1
20951,1
20952,0
20953,1
20954,1
20955,1
20956,1
20957,0
20958,1
20959,1
20960,1
20961,1
20962,1
20963,0
20964,1
20965,1
20966,1
20967,1
20968,1
20969,1
20970,0
20971,0
20972,0
20973,0
20974,1
20975,0
20976,0
20977,1
20978,0
20979,0
20980,1
20981,0
20982,0
20983,0
20984,1
20985,1
20986,0
20987,0
20988,1
20989,1
20990,1
20991,0
20992,1
20993,1
20994,1
20995,0
20996,0
20997,1
20998,1
20999,1
21000,0
21001,1
21002,1
21003,1
21004,1
21005,1
21006,0
21007,1
21008,1
21009,0
21010,1
21011,1
21012,0
21013,1
21014,1
21015,0
21016,0
21017,0
21018,1
21019,1
21020,1
21021,1
21022,0
21023,1
21024,0
21025,1
21026,0
21027,1
21028,0
21029,1
21030,1
21031,0
21032,0
21033,1
21034,1
21035,0
21036,1
21037,1
21038,1
21039,1
21040,1
21041,1
21042,0
21043,1
21044,1
21045,0
21046,1
21047,1
21048,0
21049,1
21050,0
21051,1
21052,0
21053,0
21054,1
21055,1
21056,1
21057,0
21058,1
21059,1
21060,1
21061,1
21062,1
21063,1
21064,0
21065,0
21066,1
21067,0
21068,0
21069,0
21070,0
21071,0
21072,0
21073,1
21074,0
21075,0
21076,1
21077,0
21078,0
21079,1
21080,1
21081,1
21082,0
21083,1
21084,0
21085,0
21086,1
21087,1
21088,1
21089,1
21090,0
21091,0
21092,0
21093,1
21094,1
21095,0
21096,0
21097,1
21098,1
21099,0
21100,0
21101,0
21102,1
21103,0
21104,1
21105,0
21106,0
21107,1
21108,0
21109,1
21110,0
21111,0
21112,1
21113,1
21114,0
21115,1
21116,0
21117,1
21118,0
21119,1
21120,0
21121,0
21122,0
21123,1
21124,0
21125,1
21126,1
21127,0
21128,0
21129,1
21130,1
21131,1
21132,1
21133,1
21134,0
21135,1
21136,1
21137,1
21138,1
21139,1
21140,1
21141,1
21142,0
21143,0
21144,1
21145,1
21146,1
21147,1
21148,1
21149,1
21150,0
21151,0
21152,1
21153,1
21154,1
21155,1
21156,1
21157,1
21158,0
21159,1
21160,0
21161,1
21162,1
21163,1
21164,0
21165,0
21166,0
21167,1
21168,1
21169,0
21170,0
21171,0
21172,0
21173,0
21174,0
21175,0
21176,0
21177,1
21178,1
21179,1
21180,0
21181,0
21182,0
21183,1
21184,1
21185,1
21186,1
21187,1
21188,1
21189,1
21190,1
21191,1
21192,1
21193,1
21194,0
21195,1
21196,0
21197,1
21198,1
21199,0
21200,1
21201,0
21202,1
21203,1
21204,1
21205,0
21206,0
21207,0
21208,0
21209,1
21210,1
21211,0
21212,1
21213,0
21214,1
21215,1
21216,1
21217,0
21218,0
21219,1
21220,0
21221,0
21222,0
21223,0
21224,0
21225,0
21226,0
21227,1
21228,0
21229,1
21230,0
21231,1
21232,1
21233,1
21234,1
21235,1
21236,0
21237,1
21238,1
21239,1
21240,1
21241,0
21242,0
21243,0
21244,0
21245,1
21246,0
21247,0
21248,1
21249,0
21250,1
21251,0
21252,1
21253,0
21254,1
21255,1
21256,0
21257,0
21258,0
21259,1
21260,0
21261,1
21262,1
21263,0
21264,1
21265,0
21266,0
21267,0
21268,0
21269,1
21270,1
21271,0
21272,0
21273,0
21274,1
21275,0
21276,0
21277,0
21278,1
21279,0
21280,0
21281,0
21282,1
21283,0
21284,1
21285,1
21286,1
21287,0
21288,1
21289,1
21290,0
21291,1
21292,0
21293,0
21294,1
21295,1
21296,0
21297,1
21298,0
21299,0
21300,1
21301,0
21302,0
21303,1
21304,1
21305,1
21306,1
21307,1
21308,0
21309,1
21310,0
21311,1
21312,1
21313,1
21314,0
21315,1
21316,1
21317,1
21318,0
21319,0
21320,0
21321,0
21322,1
21323,0
21324,1
21325,0
21326,0
21327,0
21328,1
21329,0
21330,1
21331,0
21332,1
21333,0
21334,0
21335,1
21336,1
21337,0
21338,1
21339,0
21340,0
21341,1
21342,1
21343,1
21344,1
21345,1
21346,0
21347,0
21348,1
21349,1
21350,1
21351,0
21352,0
21353,1
21354,1
21355,1
21356,1
21357,1
21358,0
21359,1
21360,0
21361,1
21362,1
21363,0
21364,1
21365,0
21366,1
21367,1
21368,0
21369,1
21370,0
21371,0
21372,1
21373,1
21374,1
21375,0
21376,1
21377,0
21378,1
21379,1
21380,0
21381,0
21382,1
21383,0
21384,0
21385,1
21386,1
21387,1
21388,1
21389,1
21390,0
21391,1
21392,1
21393,1
21394,1
21395,1
21396,0
21397,1
21398,1
21399,1
21400,0
21401,0
21402,1
21403,1
21404,0
21405,1
21406,0
21407,0
21408,0
21409,1
21410,1
21411,0
21412,0
21413,0
21414,1
21415,1
21416,1
21417,1
21418,1
21419,1
21420,1
21421,1
21422,1
21423,0
21424,1
21425,1
21426,1
21427,0
21428,1
21429,0
21430,1
21431,1
21432,1
21433,1
21434,1
21435,1
21436,0
21437,1
21438,1
21439,0
21440,0
21441,1
21442,0
21443,1
21444,1
21445,1
21446,1
21447,0
21448,1
21449,0
21450,1
21451,1
21452,0
21453,0
21454,1
21455,0
21456,0
21457,1
21458,1
21459,1
21460,1
21461,0
21462,1
21463,0
21464,1
21465,0
21466,0
21467,0
21468,0
21469,1
21470,1
21471,1
21472,0
21473,0
21474,0
21475,0
21476,1
21477,1
21478,1
21479,1
21480,1
21481,0
21482,0
21483,1
21484,1
21485,1
21486,0
21487,1
21488,0
21489,0
21490,1
21491,0
21492,1
21493,1
21494,0
21495,1
21496,1
21497,1
21498,1
21499,1
21500,0
21501,1
21502,0
21503,1
21504,1
21505,1
21506,0
21507,0
21508,0
21509,0
21510,0
21511,1
21512,1
21513,0
21514,0
21515,0
21516,1
21517,1
21518,0
21519,1
21520,1
21521,1
21522,0
21523,0
21524,1
21525,0
21526,0
21527,0
21528,0
21529,0
21530,0
21531,0
21532,1
21533,0
21534,0
21535,1
21536,0
21537,0
21538,1
21539,0
21540,0
21541,1
21542,1
21543,1
21544,0
21545,0
21546,0
21547,0
21548,0
21549,1
21550,0
21551,1
21552,0
21553,0
21554,1
21555,0
21556,0
21557,1
21558,0
21559,0
21560,1
21561,0
21562,0
21563,1
21564,1
21565,1
21566,1
21567,1
21568,1
21569,1
21570,1
21571,1
21572,1
21573,0
21574,1
21575,0
21576,1
21577,1
21578,1
21579,0
21580,0
21581,1
21582,0
21583,1
21584,0
21585,1
21586,1
21587,0
21588,1
21589,1
21590,1
21591,1
21592,1
21593,1
21594,1
21595,0
21596,1
21597,1
21598,0
21599,0
21600,0
21601,0
21602,1
21603,1
21604,0
21605,1
21606,0
21607,1
21608,0
21609,1
21610,1
21611,1
21612,1
21613,0
21614,1
21615,0
21616,0
21617,1
21618,1
21619,0
21620,0
21621,1
21622,0
21623,1
21624,0
21625,1
21626,0
21627,1
21628,1
21629,1
21630,0
21631,1
21632,0
21633,1
21634,0
21635,1
21636,1
21637,0
21638,1
21639,1
21640,1
21641,1
21642,0
21643,1
21644,0
21645,0
21646,1
21647,0
21648,1
21649,1
21650,0
21651,1
21652,0
21653,1
21654,1
21655,1
21656,0
21657,1
21658,1
21659,1
21660,0
21661,0
21662,0
21663,1
21664,1
21665,1
21666,1
21667,1
21668,1
21669,1
21670,1
21671,0
21672,1
21673,1
21674,0
21675,0
21676,1
21677,0
21678,0
21679,1
21680,0
21681,1
21682,1
21683,1
21684,1
21685,1
21686,1
21687,1
21688,1
21689,0
21690,0
21691,0
21692,0
21693,0
21694,1
21695,1
21696,0
21697,0
21698,0
21699,1
21700,1
21701,0
21702,1
21703,0
21704,0
21705,0
21706,0
21707,0
21708,0
21709,0
21710,0
21711,0
21712,1
21713,1
21714,1
21715,0
21716,1
21717,1
21718,0
21719,0
21720,1
21721,0
21722,1
21723,0
21724,1
21725,1
21726,0
21727,0
21728,0
21729,1
21730,0
21731,0
21732,1
21733,1
21734,0
21735,0
21736,0
21737,0
21738,0
21739,0
21740,1
21741,1
21742,1
21743,1
21744,1
21745,1
21746,1
21747,1
21748,0
21749,1
21750,0
21751,0
21752,0
21753,0
21754,0
21755,0
21756,1
21757,1
21758,0
21759,1
21760,1
21761,1
21762,1
21763,1
21764,0
21765,1
21766,1
21767,0
21768,1
21769,1
21770,0
21771,0
21772,0
21773,1
21774,0
21775,0
21776,0
21777,0
21778,1
21779,1
21780,1
21781,1
21782,1
21783,1
21784,0
21785,0
21786,0
21787,1
21788,1
21789,0
21790,1
21791,1
21792,0
21793,0
21794,0
21795,0
21796,0
21797,1
21798,0
21799,0
21800,1
21801,0
21802,0
21803,0
21804,0
21805,1
21806,1
21807,1
21808,1
21809,1
21810,0
21811,1
21812,0
21813,1
21814,1
21815,0
21816,1
21817,0
21818,1
21819,0
21820,0
21821,1
21822,1
21823,0
21824,0
21825,1
21826,0
21827,0
21828,0
21829,1
21830,1
21831,1
21832,0
21833,1
21834,1
21835,1
21836,1
21837,1
21838,1
21839,0
21840,0
21841,1
21842,1
21843,1
21844,1
21845,0
21846,0
21847,0
21848,1
21849,1
21850,0
21851,1
21852,1
21853,1
21854,1
21855,0
21856,1
21857,1
21858,0
21859,0
21860,1
21861,1
21862,1
21863,0
21864,1
21865,1
21866,0
21867,0
21868,0
21869,1
21870,0
21871,0
21872,1
21873,0
21874,1
21875,1
21876,0
21877,1
21878,1
21879,1
21880,0
21881,1
21882,0
21883,1
21884,1
21885,1
21886,0
21887,0
21888,1
21889,1
21890,1
21891,1
21892,0
21893,0
21894,0
21895,1
21896,0
21897,0
21898,0
21899,0
21900,1
21901,0
21902,0
21903,1
21904,1
21905,1
21906,1
21907,1
21908,1
21909,1
21910,0
21911,0
21912,1
21913,0
21914,1
21915,0
21916,0
21917,0
21918,1
21919,1
21920,1
21921,1
21922,0
21923,0
21924,0
21925,1
21926,0
21927,0
21928,0
21929,1
21930,0
21931,0
21932,1
21933,0
21934,1
21935,1
21936,1
21937,1
21938,1
21939,0
21940,1
21941,1
21942,1
21943,1
21944,1
21945,0
21946,0
21947,1
21948,0
21949,1
21950,1
21951,1
21952,0
21953,1
21954,1
21955,1
21956,0
21957,1
21958,1
21959,0
21960,1
21961,0
21962,0
21963,0
21964,1
21965,1
21966,1
21967,0
21968,1
21969,0
21970,0
21971,1
21972,0
21973,1
21974,0
21975,1
21976,1
21977,0
21978,0
21979,0
21980,0
21981,1
21982,0
21983,0
21984,0
21985,1
21986,1
21987,1
21988,0
21989,0
21990,1
21991,1
21992,0
21993,0
21994,1
21995,1
21996,0
21997,1
21998,1
21999,0
22000,1
22001,1
22002,1
22003,0
22004,1
22005,1
22006,1
22007,1
22008,1
22009,0
22010,1
22011,0
22012,1
22013,0
22014,1
22015,0
22016,0
22017,0
22018,1
22019,1
22020,1
22021,0
22022,0
22023,1
22024,1
22025,0
22026,1
22027,1
22028,0
22029,0
22030,1
22031,0
22032,1
22033,1
22034,1
22035,0
22036,0
22037,0
22038,1
22039,0
22040,1
22041,0
22042,1
22043,1
22044,1
22045,1
22046,1
22047,1
22048,0
22049,0
22050,1
22051,0
22052,0
22053,1
22054,1
22055,0
22056,0
22057,0
22058,0
22059,1
22060,0
22061,1
22062,0
22063,1
22064,0
22065,1
22066,0
22067,0
22068,1
22069,1
22070,0
22071,0
22072,0
22073,1
22074,0
22075,1
22076,0
22077,0
22078,1
22079,0
22080,0
22081,1
22082,0
22083,0
22084,1
22085,1
22086,1
22087,1
22088,0
22089,1
22090,1
22091,0
22092,1
22093,1
22094,0
22095,1
22096,0
22097,0
22098,0
22099,0
22100,0
22101,0
22102,1
22103,0
22104,0
22105,0
22106,1
22107,0
22108,0
22109,0
22110,1
22111,1
22112,1
22113,1
22114,1
22115,1
22116,0
22117,1
22118,1
22119,1
22120,0
22121,1
22122,1
22123,1
22124,0
22125,1
22126,1
22127,1
22128,1
22129,0
22130,1
22131,0
22132,1
22133,0
22134,1
22135,0
22136,0
22137,0
22138,1
22139,0
22140,0
22141,1
22142,1
22143,1
22144,1
22145,1
22146,0
22147,1
22148,0
22149,1
22150,0
22151,1
22152,0
22153,0
22154,1
22155,1
22156,1
22157,0
22158,1
22159,1
22160,1
22161,0
22162,1
22163,0
22164,0
22165,1
22166,1
22167,0
22168,0
22169,1
22170,1
22171,0
22172,0
22173,0
22174,1
22175,0
22176,1
22177,0
22178,1
22179,0
22180,1
22181,1
22182,1
22183,0
22184,1
22185,1
22186,0
22187,0
22188,0
22189,0
22190,1
22191,0
22192,1
22193,1
22194,0
22195,1
22196,0
22197,1
22198,1
22199,0
22200,1
22201,1
22202,1
22203,0
22204,1
22205,0
22206,1
22207,1
22208,0
22209,0
22210,1
22211,1
22212,1
22213,0
22214,0
22215,0
22216,0
22217,0
22218,1
22219,1
22220,0
22221,0
22222,1
22223,1
22224,1
22225,1
22226,0
22227,1
22228,0
22229,0
22230,1
22231,1
22232,0
22233,1
22234,0
22235,0
22236,0
22237,1
22238,1
22239,0
22240,0
22241,0
22242,1
22243,1
22244,1
22245,0
22246,0
22247,1
22248,1
22249,0
22250,0
22251,0
22252,1
22253,1
22254,1
22255,1
22256,0
22257,1
22258,0
22259,0
22260,0
22261,1
22262,0
22263,0
22264,1
22265,1
22266,0
22267,0
22268,1
22269,0
22270,0
22271,0
22272,1
22273,1
22274,1
22275,0
22276,1
22277,1
22278,0
22279,1
22280,0
22281,0
22282,1
22283,1
22284,1
22285,0
22286,1
22287,0
22288,1
22289,1
22290,1
22291,1
22292,0
22293,1
22294,0
22295,0
22296,0
22297,0
22298,1
22299,1
22300,1
22301,1
22302,1
22303,0
22304,0
22305,1
22306,0
22307,1
22308,1
22309,0
22310,1
22311,0
22312,1
22313,1
22314,1
22315,1
22316,0
22317,1
22318,0
22319,0
22320,0
22321,1
22322,0
22323,1
22324,1
22325,0
22326,0
22327,1
22328,1
22329,0
22330,0
22331,1
22332,1
22333,0
22334,1
22335,0
22336,0
22337,0
22338,1
22339,1
22340,0
22341,1
22342,1
22343,0
22344,1
22345,0
22346,1
22347,1
22348,0
22349,1
22350,0
22351,1
22352,0
22353,0
22354,1
22355,1
22356,1
22357,1
22358,1
22359,1
22360,0
22361,0
22362,0
22363,1
22364,0
22365,1
22366,1
22367,0
22368,0
22369,1
22370,1
22371,0
22372,1
22373,0
22374,0
22375,0
22376,0
22377,1
22378,1
22379,0
22380,0
22381,0
22382,1
22383,1
22384,1
22385,1
22386,0
22387,0
22388,0
22389,1
22390,1
22391,1
22392,1
22393,1
22394,0
22395,1
22396,0
22397,1
22398,0
22399,1
22400,0
22401,0
22402,1
22403,1
22404,0
22405,1
22406,0
22407,1
22408,0
22409,0
22410,1
22411,0
22412,1
22413,0
22414,0
22415,0
22416,0
22417,1
22418,1
22419,1
22420,0
22421,0
22422,1
22423,1
22424,0
22425,0
22426,0
22427,1
22428,1
22429,1
22430,1
22431,0
22432,1
22433,1
22434,1
22435,0
22436,0
22437,0
22438,1
22439,1
22440,0
22441,1
22442,1
22443,0
22444,1
22445,0
22446,0
22447,1
22448,0
22449,0
22450,1
22451,1
22452,0
22453,0
22454,0
22455,1
22456,0
22457,0
22458,1
22459,1
22460,0
22461,1
22462,0
22463,1
22464,1
22465,1
22466,0
22467,0
22468,1
22469,0
22470,1
22471,0
22472,0
22473,0
22474,0
22475,1
22476,1
22477,0
22478,1
22479,1
22480,0
22481,0
22482,1
22483,0
22484,1
22485,0
22486,0
22487,0
22488,0
22489,1
22490,0
22491,1
22492,1
22493,0
22494,0
22495,0
22496,0
22497,0
22498,0
22499,0
22500,0
22501,1
22502,1
22503,0
22504,1
22505,0
22506,1
22507,1
22508,1
22509,1
22510,1
22511,1
22512,0
22513,1
22514,1
22515,0
22516,1
22517,1
22518,0
22519,1
22520,0
22521,1
22522,1
22523,1
22524,1
22525,0
22526,0
22527,1
22528,0
22529,0
22530,1
22531,0
22532,1
22533,0
22534,1
22535,0
22536,1
22537,0
22538,0
22539,1
22540,1
22541,1
22542,0
22543,0
22544,0
22545,0
22546,1
22547,1
22548,1
22549,0
22550,1
22551,1
22552,0
22553,0
22554,1
22555,0
22556,0
22557,1
22558,0
22559,1
22560,1
22561,1
22562,0
22563,1
22564,1
22565,0
22566,0
22567,1
22568,0
22569,0
22570,0
22571,1
22572,1
22573,0
22574,1
22575,0
22576,1
22577,0
22578,1
22579,1
22580,1
22581,1
22582,0
22583,1
22584,0
22585,1
22586,1
22587,1
22588,1
22589,1
22590,0
22591,1
22592,0
22593,0
22594,0
22595,0
22596,1
22597,1
22598,0
22599,1
22600,1
22601,1
22602,0
22603,1
22604,1
22605,0
22606,0
22607,1
22608,0
22609,0
22610,0
22611,0
22612,0
22613,1
22614,1
22615,1
22616,0
22617,0
22618,1
22619,0
22620,0
22621,1
22622,0
22623,1
22624,1
22625,1
22626,0
22627,0
22628,1
22629,1
22630,0
22631,1
22632,0
22633,1
22634,0
22635,1
22636,1
22637,1
22638,0
22639,0
22640,0
22641,0
22642,1
22643,0
22644,1
22645,1
22646,0
22647,1
22648,1
22649,1
22650,1
22651,1
22652,0
22653,1
22654,1
22655,1
22656,0
22657,1
22658,1
22659,0
22660,1
22661,0
22662,1
22663,0
22664,0
22665,1
22666,1
22667,1
22668,0
22669,1
22670,1
22671,0
22672,1
22673,1
22674,0
22675,1
22676,1
22677,0
22678,0
22679,1
22680,0
22681,1
22682,1
22683,1
22684,1
22685,1
22686,0
22687,1
22688,0
22689,1
22690,1
22691,0
22692,1
22693,0
22694,1
22695,1
22696,1
22697,0
22698,0
22699,0
22700,0
22701,1
22702,1
22703,0
22704,0
22705,0
22706,0
22707,0
22708,0
22709,1
22710,1
22711,0
22712,0
22713,1
22714,0
22715,1
22716,0
22717,0
22718,1
22719,1
22720,0
22721,1
22722,0
22723,0
22724,1
22725,0
22726,0
22727,1
22728,0
22729,1
22730,0
22731,1
22732,1
22733,1
22734,1
22735,0
22736,1
22737,1
22738,0
22739,1
22740,1
22741,1
22742,0
22743,1
22744,1
22745,0
22746,1
22747,1
22748,1
22749,0
22750,0
22751,1
22752,0
22753,1
22754,0
22755,1
22756,1
22757,1
22758,1
22759,1
22760,0
22761,1
22762,0
22763,0
22764,1
22765,0
22766,0
22767,0
22768,0
22769,1
22770,1
22771,0
22772,1
22773,0
22774,0
22775,1
22776,1
22777,1
22778,0
22779,1
22780,0
22781,1
22782,1
22783,1
22784,1
22785,1
22786,0
22787,0
22788,1
22789,1
22790,1
22791,0
22792,1
22793,0
22794,1
22795,1
22796,1
22797,1
22798,1
22799,0
22800,1
22801,1
22802,0
22803,1
22804,1
22805,1
22806,0
22807,0
22808,1
22809,1
22810,0
22811,1
22812,0
22813,0
22814,1
22815,1
22816,0
22817,1
22818,1
22819,1
22820,1
22821,1
22822,1
22823,1
22824,1
22825,0
22826,0
22827,0
22828,1
22829,1
22830,1
22831,1
22832,0
22833,1
22834,1
22835,1
22836,1
22837,1
22838,0
22839,1
22840,0
22841,1
22842,1
22843,0
22844,1
22845,0
22846,1
22847,1
22848,1
22849,0
22850,1
22851,0
22852,0
22853,0
22854,0
22855,0
22856,0
22857,1
22858,0
22859,1
22860,1
22861,0
22862,1
22863,0
22864,0
22865,0
22866,1
22867,1
22868,1
22869,0
22870,0
22871,0
22872,0
22873,0
22874,0
22875,0
22876,1
22877,1
22878,1
22879,1
22880,1
22881,0
22882,0
22883,1
22884,1
22885,1
22886,1
22887,0
22888,0
22889,0
22890,1
22891,1
22892,0
22893,0
22894,0
22895,1
22896,1
22897,1
22898,1
22899,1
22900,1
22901,0
22902,0
22903,1
22904,0
22905,1
22906,1
22907,1
22908,1
22909,1
22910,1
22911,0
22912,1
22913,1
22914,0
22915,0
22916,0
22917,0
22918,0
22919,1
22920,0
22921,1
22922,0
22923,0
22924,0
22925,1
22926,0
22927,1
22928,1
22929,0
22930,1
22931,1
22932,0
22933,0
22934,1
22935,1
22936,0
22937,0
22938,1
22939,1
22940,1
22941,1
22942,1
22943,0
22944,1
22945,1
22946,0
22947,1
22948,1
22949,1
22950,1
22951,1
22952,0
22953,1
22954,1
22955,0
22956,1
22957,1
22958,0
22959,0
22960,0
22961,1
22962,1
22963,1
22964,1
22965,1
22966,0
22967,0
22968,1
22969,0
22970,1
22971,1
22972,0
22973,1
22974,1
22975,1
22976,0
22977,0
22978,1
22979,0
22980,1
22981,0
22982,1
22983,1
22984,0
22985,1
22986,1
22987,0
22988,1
22989,1
22990,0
22991,0
22992,1
22993,1
22994,1
22995,1
22996,1
22997,1
22998,1
22999,1
23000,1
23001,0
23002,0
23003,1
23004,1
23005,1
23006,0
23007,0
23008,0
23009,0
23010,0
23011,1
23012,0
23013,1
23014,1
23015,1
23016,1
23017,0
23018,0
23019,0
23020,1
23021,0
23022,1
23023,0
23024,1
23025,1
23026,1
23027,0
23028,0
23029,1
23030,1
23031,0
23032,1
23033,1
23034,1
23035,1
23036,1
23037,1
23038,0
23039,0
23040,1
23041,0
23042,0
23043,1
23044,0
23045,1
23046,0
23047,1
23048,0
23049,1
23050,0
23051,1
23052,0
23053,0
23054,1
23055,1
23056,1
23057,1
23058,1
23059,1
23060,0
23061,1
23062,0
23063,1
23064,0
23065,1
23066,1
23067,0
23068,1
23069,1
23070,1
23071,1
23072,0
23073,1
23074,0
23075,1
23076,0
23077,1
23078,0
23079,1
23080,1
23081,0
23082,0
23083,1
23084,0
23085,0
23086,1
23087,0
23088,0
23089,0
23090,0
23091,1
23092,0
23093,0
23094,0
23095,1
23096,1
23097,0
23098,1
23099,0
23100,1
23101,0
23102,1
23103,0
23104,0
23105,0
23106,1
23107,1
23108,1
23109,1
23110,1
23111,0
23112,0
23113,1
23114,1
23115,0
23116,0
23117,1
23118,1
23119,1
23120,0
23121,1
23122,1
23123,0
23124,1
23125,0
23126,0
23127,0
23128,1
23129,0
23130,1
23131,0
23132,0
23133,0
23134,1
23135,1
23136,1
23137,0
23138,1
23139,1
23140,1
23141,0
23142,1
23143,1
23144,1
23145,0
23146,0
23147,0
23148,1
23149,0
23150,1
23151,1
23152,1
23153,1
23154,0
23155,1
23156,1
23157,0
23158,0
23159,1
23160,0
23161,1
23162,1
23163,1
23164,1
23165,0
23166,1
23167,1
23168,1
23169,0
23170,1
23171,0
23172,0
23173,1
23174,0
23175,1
23176,1
23177,1
23178,1
23179,0
23180,1
23181,1
23182,0
23183,0
23184,1
23185,1
23186,1
23187,0
23188,1
23189,1
23190,0
23191,0
23192,0
23193,0
23194,1
23195,0
23196,1
23197,0
23198,1
23199,0
23200,0
23201,0
23202,1
23203,1
23204,0
23205,0
23206,1
23207,0
23208,1
23209,0
23210,1
23211,0
23212,0
23213,1
23214,0
23215,0
23216,1
23217,0
23218,0
23219,1
23220,0
23221,0
23222,0
23223,1
23224,1
23225,1
23226,1
23227,1
23228,0
23229,1
23230,1
23231,1
23232,0
23233,1
23234,0
23235,0
23236,0
23237,0
23238,0
23239,0
23240,0
23241,0
23242,0
23243,1
23244,0
23245,1
23246,0
23247,1
23248,1
23249,1
23250,1
23251,0
23252,0
23253,0
23254,1
23255,1
23256,1
23257,0
23258,1
23259,0
23260,0
23261,0
23262,1
23263,0
23264,0
23265,1
23266,0
23267,0
23268,1
23269,1
23270,1
23271,1
23272,1
23273,0
23274,1
23275,1
23276,1
23277,1
23278,0
23279,1
23280,1
23281,1
23282,0
23283,0
23284,1
23285,0
23286,0
23287,0
23288,0
23289,0
23290,1
23291,1
23292,0
23293,0
23294,0
23295,1
23296,0
23297,0
23298,0
23299,1
23300,0
23301,1
23302,1
23303,1
23304,1
23305,1
23306,1
23307,1
23308,1
23309,0
23310,0
23311,1
23312,0
23313,1
23314,0
23315,0
23316,1
23317,1
23318,1
23319,0
23320,1
23321,0
23322,0
23323,1
23324,0
23325,1
23326,1
23327,1
23328,1
23329,0
23330,0
23331,0
23332,0
23333,0
23334,1
23335,1
23336,0
23337,0
23338,1
23339,0
23340,1
23341,1
23342,0
23343,1
23344,0
23345,1
23346,1
23347,1
23348,0
23349,1
23350,1
23351,0
23352,0
23353,1
23354,0
23355,1
23356,0
23357,1
23358,0
23359,0
23360,0
23361,1
23362,0
23363,1
23364,1
23365,1
23366,1
23367,1
23368,1
23369,1
23370,0
23371,0
23372,1
23373,1
23374,0
23375,1
23376,1
23377,0
23378,0
23379,1
23380,1
23381,0
23382,0
23383,1
23384,0
23385,1
23386,0
23387,0
23388,0
23389,0
23390,0
23391,1
23392,1
23393,0
23394,1
23395,1
23396,0
23397,1
23398,0
23399,1
23400,1
23401,1
23402,0
23403,1
23404,1
23405,1
23406,0
23407,1
23408,1
23409,1
23410,1
23411,0
23412,0
23413,1
23414,1
23415,1
23416,0
23417,0
23418,0
23419,1
23420,0
23421,0
23422,1
23423,1
23424,1
23425,0
23426,1
23427,1
23428,0
23429,1
23430,1
23431,0
23432,0
23433,1
23434,1
23435,1
23436,0
23437,1
23438,1
23439,0
23440,0
23441,1
23442,1
23443,1
23444,0
23445,0
23446,1
23447,1
23448,0
23449,1
23450,0
23451,0
23452,0
23453,0
23454,1
23455,0
23456,0
23457,1
23458,1
23459,1
23460,0
23461,1
23462,0
23463,1
23464,1
23465,1
23466,1
23467,0
23468,1
23469,0
23470,0
23471,1
23472,1
23473,1
23474,0
23475,1
23476,1
23477,1
23478,0
23479,1
23480,0
23481,0
23482,1
23483,1
23484,0
23485,1
23486,1
23487,1
23488,1
23489,0
23490,0
23491,0
23492,1
23493,0
23494,1
23495,0
23496,1
23497,0
23498,1
23499,1
23500,0
23501,0
23502,0
23503,1
23504,1
23505,1
23506,1
23507,1
23508,1
23509,0
23510,0
23511,0
23512,0
23513,1
23514,0
23515,0
23516,0
23517,1
23518,1
23519,0
23520,0
23521,0
23522,0
23523,0
23524,1
23525,1
23526,1
23527,0
23528,0
23529,1
23530,1
23531,1
23532,0
23533,0
23534,1
23535,1
23536,1
23537,0
23538,0
23539,1
23540,0
23541,1
23542,1
23543,0
23544,1
23545,1
23546,0
23547,0
23548,1
23549,1
23550,0
23551,1
23552,1
23553,1
23554,0
23555,0
23556,0
23557,1
23558,0
23559,1
23560,0
23561,1
23562,0
23563,0
23564,0
23565,0
23566,1
23567,0
23568,0
23569,1
23570,1
23571,0
23572,1
23573,0
23574,1
23575,1
23576,0
23577,0
23578,1
23579,0
23580,1
23581,0
23582,0
23583,0
23584,0
23585,0
23586,1
23587,0
23588,1
23589,1
23590,0
23591,0
23592,1
23593,1
23594,1
23595,1
23596,1
23597,0
23598,0
23599,0
23600,0
23601,0
23602,0
23603,0
23604,0
23605,0
23606,0
23607,0
23608,1
23609,1
23610,1
23611,0
23612,1
23613,1
23614,1
23615,1
23616,0
23617,0
23618,1
23619,1
23620,1
23621,0
23622,0
23623,0
23624,0
23625,0
23626,0
23627,1
23628,0
23629,1
23630,0
23631,1
23632,0
23633,1
23634,1
23635,1
23636,0
23637,0
23638,1
23639,1
23640,1
23641,0
23642,0
23643,1
23644,0
23645,1
23646,0
23647,1
23648,0
23649,1
23650,1
23651,0
23652,1
23653,1
23654,1
23655,1
23656,1
23657,1
23658,1
23659,1
23660,1
23661,1
23662,1
23663,0
23664,0
23665,0
23666,1
23667,1
23668,1
23669,0
23670,0
23671,1
23672,0
23673,1
23674,0
23675,0
23676,1
23677,0
23678,1
23679,1
23680,1
23681,1
23682,1
23683,0
23684,0
23685,1
23686,1
23687,1
23688,1
23689,1
23690,0
23691,0
23692,1
23693,0
23694,0
23695,0
23696,0
23697,1
23698,1
23699,1
23700,1
23701,0
23702,1
23703,0
23704,1
23705,1
23706,1
23707,0
23708,0
23709,0
23710,0
23711,1
23712,1
23713,0
23714,1
23715,0
23716,1
23717,0
23718,1
23719,1
23720,1
23721,0
23722,1
23723,0
23724,1
23725,1
23726,0
23727,0
23728,1
23729,0
23730,0
23731,1
23732,1
23733,1
23734,1
23735,0
23736,1
23737,1
23738,0
23739,1
23740,0
23741,0
23742,1
23743,0
23744,0
23745,1
23746,0
23747,0
23748,0
23749,0
23750,1
23751,1
23752,0
23753,1
23754,0
23755,0
23756,0
23757,1
23758,1
23759,1
23760,1
23761,0
23762,1
23763,0
23764,1
23765,1
23766,1
23767,0
23768,0
23769,1
23770,1
23771,0
23772,0
23773,1
23774,1
23775,0
23776,1
23777,1
23778,1
23779,1
23780,1
23781,0
23782,0
23783,1
23784,1
23785,0
23786,0
23787,1
23788,0
23789,1
23790,0
23791,1
23792,1
23793,0
23794,1
23795,0
23796,0
23797,1
23798,1
23799,0
23800,1
23801,0
23802,1
23803,1
23804,0
23805,0
23806,0
23807,1
23808,0
23809,0
23810,1
23811,0
23812,1
23813,1
23814,1
23815,0
23816,0
23817,0
23818,0
23819,1
23820,1
23821,0
23822,1
23823,1
23824,1
23825,1
23826,1
23827,1
23828,1
23829,0
23830,1
23831,1
23832,0
23833,1
23834,0
23835,1
23836,0
23837,0
23838,0
23839,1
23840,1
23841,1
23842,0
23843,0
23844,1
23845,1
23846,1
23847,1
23848,0
23849,1
23850,0
23851,1
23852,0
23853,0
23854,1
23855,0
23856,0
23857,1
23858,1
23859,1
23860,1
23861,1
23862,0
23863,0
23864,0
23865,1
23866,1
23867,1
23868,0
23869,0
23870,1
23871,1
23872,1
23873,1
23874,1
23875,1
23876,0
23877,1
23878,0
23879,1
23880,0
23881,0
23882,1
23883,1
23884,1
23885,1
23886,1
23887,0
23888,0
23889,1
23890,1
23891,1
23892,1
23893,0
23894,1
23895,1
23896,0
23897,0
23898,0
23899,0
23900,1
23901,0
23902,0
23903,0
23904,0
23905,1
23906,1
23907,0
23908,0
23909,0
23910,0
23911,1
23912,0
23913,0
23914,0
23915,0
23916,1
23917,1
23918,1
23919,0
23920,0
23921,0
23922,0
23923,1
23924,1
23925,1
23926,1
23927,1
23928,1
23929,1
23930,1
23931,1
23932,1
23933,1
23934,0
23935,1
23936,0
23937,0
23938,0
23939,1
23940,1
23941,1
23942,0
23943,0
23944,0
23945,1
23946,1
23947,0
23948,1
23949,0
23950,1
23951,0
23952,1
23953,0
23954,1
23955,0
23956,1
23957,1
23958,0
23959,0
23960,1
23961,1
23962,0
23963,0
23964,0
23965,0
23966,0
23967,0
23968,1
23969,0
23970,1
23971,1
23972,1
23973,1
23974,1
23975,0
23976,0
23977,1
23978,1
23979,1
23980,1
23981,1
23982,1
23983,1
23984,0
23985,1
23986,1
23987,0
23988,1
23989,0
23990,0
23991,0
23992,1
23993,1
23994,1
23995,0
23996,1
23997,0
23998,1
23999,0
24000,1
24001,0
24002,0
24003,0
24004,1
24005,1
24006,1
24007,0
24008,0
24009,1
24010,0
24011,1
24012,1
24013,1
24014,0
24015,1
24016,1
24017,1
24018,1
24019,1
24020,1
24021,1
24022,1
24023,1
24024,0
24025,0
24026,1
24027,1
24028,0
24029,0
24030,0
24031,1
24032,0
24033,1
24034,1
24035,1
24036,0
24037,1
24038,1
24039,1
24040,1
24041,0
24042,0
24043,1
24044,1
24045,1
24046,1
24047,1
24048,0
24049,1
24050,0
24051,1
24052,1
24053,0
24054,1
24055,1
24056,1
24057,1
24058,0
24059,1
24060,1
24061,1
24062,1
24063,1
24064,1
24065,1
24066,0
24067,1
24068,1
24069,1
24070,1
24071,1
24072,0
24073,1
24074,1
24075,1
24076,1
24077,1
24078,1
24079,1
24080,0
24081,0
24082,0
24083,0
24084,0
24085,0
24086,1
24087,0
24088,0
24089,0
24090,0
24091,1
24092,1
24093,0
24094,0
24095,1
24096,1
24097,1
24098,1
24099,1
24100,1
24101,0
24102,0
24103,0
24104,0
24105,1
24106,1
24107,0
24108,1
24109,1
24110,1
24111,0
24112,0
24113,0
24114,1
24115,0
24116,1
24117,1
24118,0
24119,1
24120,0
24121,1
24122,1
24123,1
24124,1
24125,0
24126,0
24127,0
24128,1
24129,1
24130,0
24131,1
24132,1
24133,1
24134,1
24135,1
24136,1
24137,1
24138,0
24139,0
24140,1
24141,1
24142,1
24143,0
24144,0
24145,0
24146,1
24147,0
24148,0
24149,1
24150,1
24151,1
24152,1
24153,1
24154,1
24155,0
24156,0
24157,1
24158,0
24159,1
24160,1
24161,1
24162,0
24163,1
24164,1
24165,0
24166,1
24167,1
24168,0
24169,1
24170,1
24171,1
24172,0
24173,0
24174,1
24175,1
24176,0
24177,1
24178,1
24179,0
24180,1
24181,1
24182,0
24183,0
24184,1
24185,1
24186,1
24187,1
24188,0
24189,1
24190,1
24191,0
24192,0
24193,0
24194,0
24195,0
24196,1
24197,0
24198,1
24199,0
24200,1
24201,1
24202,1
24203,0
24204,0
24205,1
24206,1
24207,1
24208,1
24209,1
24210,0
24211,1
24212,1
24213,0
24214,1
24215,0
24216,1
24217,0
24218,1
24219,0
24220,1
24221,0
24222,0
24223,0
24224,1
24225,0
24226,1
24227,0
24228,1
24229,1
24230,0
24231,0
24232,1
24233,1
24234,0
24235,0
24236,0
24237,1
24238,0
24239,1
24240,0
24241,0
24242,1
24243,0
24244,1
24245,1
24246,1
24247,0
24248,0
24249,0
24250,1
24251,1
24252,0
24253,0
24254,1
24255,0
24256,0
24257,1
24258,0
24259,1
24260,0
24261,0
24262,1
24263,0
24264,1
24265,1
24266,0
24267,1
24268,1
24269,1
24270,1
24271,0
24272,1
24273,1
24274,1
24275,0
24276,0
24277,1
24278,1
24279,0
24280,0
24281,1
24282,0
24283,1
24284,1
24285,1
24286,0
24287,0
24288,0
24289,1
24290,1
24291,0
24292,0
24293,0
24294,0
24295,0
24296,0
24297,1
24298,0
24299,0
24300,1
24301,0
24302,1
24303,0
24304,1
24305,0
24306,0
24307,1
24308,1
24309,0
24310,1
24311,0
24312,0
24313,1
24314,0
24315,1
24316,0
24317,0
24318,0
24319,1
24320,1
24321,0
24322,1
24323,0
24324,0
24325,1
24326,1
24327,0
24328,1
24329,1
24330,0
24331,1
24332,1
24333,1
24334,1
24335,0
24336,0
24337,0
24338,1
24339,1
24340,1
24341,1
24342,0
24343,0
24344,1
24345,1
24346,1
24347,0
24348,1
24349,1
24350,1
24351,0
24352,1
24353,1
24354,1
24355,1
24356,1
24357,0
24358,0
24359,0
24360,0
24361,1
24362,0
24363,1
24364,1
24365,1
24366,0
24367,0
24368,1
24369,1
24370,0
24371,1
24372,1
24373,1
24374,1
24375,1
24376,0
24377,0
24378,1
24379,1
24380,1
24381,0
24382,0
24383,1
24384,1
24385,0
24386,1
24387,0
24388,0
24389,0
24390,1
24391,0
24392,1
24393,1
24394,1
24395,0
24396,1
24397,1
24398,0
24399,0
24400,1
24401,0
24402,0
24403,0
24404,1
24405,1
24406,1
24407,0
24408,0
24409,0
24410,0
24411,1
24412,1
24413,1
24414,0
24415,1
24416,1
24417,1
24418,1
24419,0
24420,1
24421,1
24422,0
24423,1
24424,1
24425,1
24426,1
24427,1
24428,1
24429,1
24430,1
24431,1
24432,1
24433,0
24434,0
24435,0
24436,1
24437,1
24438,0
24439,1
24440,1
24441,1
24442,1
24443,0
24444,1
24445,1
24446,0
24447,1
24448,1
24449,0
24450,1
24451,1
24452,1
24453,0
24454,0
24455,1
24456,0
24457,1
24458,1
24459,0
24460,0
24461,1
24462,1
24463,0
24464,1
24465,1
24466,0
24467,1
24468,0
24469,0
24470,0
24471,1
24472,0
24473,0
24474,1
24475,1
24476,0
24477,0
24478,1
24479,0
24480,1
24481,1
24482,1
24483,1
24484,1
24485,1
24486,1
24487,0
24488,0
24489,1
24490,1
24491,0
24492,1
24493,0
24494,0
24495,1
24496,1
24497,1
24498,0
24499,0
24500,1
24501,1
24502,1
24503,1
24504,0
24505,0
24506,1
24507,1
24508,1
24509,1
24510,0
24511,0
24512,1
24513,0
24514,1
24515,1
24516,0
24517,1
24518,0
24519,1
24520,0
24521,1
24522,0
24523,1
24524,1
24525,1
24526,1
24527,0
24528,0
24529,0
24530,1
24531,1
24532,0
24533,0
24534,1
24535,0
24536,0
24537,0
24538,1
24539,1
24540,1
24541,0
24542,0
24543,1
24544,1
24545,0
24546,1
24547,1
24548,0
24549,1
24550,1
24551,1
24552,0
24553,0
24554,1
24555,0
24556,1
24557,1
24558,0
24559,1
24560,1
24561,1
24562,1
24563,0
24564,0
24565,0
24566,1
24567,0
24568,0
24569,0
24570,0
24571,1
24572,1
24573,0
24574,1
24575,1
24576,1
24577,1
24578,1
24579,0
24580,1
24581,0
24582,0
24583,1
24584,1
24585,1
24586,1
24587,1
24588,1
24589,0
24590,0
24591,1
24592,0
24593,0
24594,1
24595,0
24596,1
24597,1
24598,0
24599,0
24600,1
24601,1
24602,1
24603,0
24604,0
24605,0
24606,1
24607,1
24608,1
24609,0
24610,1
24611,1
24612,0
24613,1
24614,0
24615,0
24616,1
24617,0
24618,0
24619,0
24620,1
24621,1
24622,0
24623,0
24624,1
24625,1
24626,0
24627,0
24628,0
24629,0
24630,1
24631,1
24632,1
24633,0
24634,1
24635,1
24636,0
24637,1
24638,0
24639,1
24640,1
24641,1
24642,0
24643,1
24644,0
24645,1
24646,1
24647,0
24648,0
24649,1
24650,0
24651,0
24652,0
24653,1
24654,1
24655,1
24656,0
24657,1
24658,0
24659,0
24660,0
24661,1
24662,1
24663,1
24664,0
24665,0
24666,1
24667,0
24668,1
24669,0
24670,0
24671,1
24672,0
24673,1
24674,0
24675,1
24676,0
24677,0
24678,0
24679,0
24680,1
24681,0
24682,1
24683,0
24684,1
24685,1
24686,1
24687,1
24688,1
24689,1
24690,0
24691,0
24692,0
24693,1
24694,1
24695,0
24696,0
24697,0
24698,0
24699,1
24700,0
24701,1
24702,1
24703,1
24704,1
24705,1
24706,1
24707,1
24708,1
24709,0
24710,1
24711,0
24712,0
24713,0
24714,1
24715,1
24716,0
24717,1
24718,0
24719,0
24720,0
24721,1
24722,0
24723,1
24724,1
24725,1
24726,1
24727,0
24728,0
24729,0
24730,1
24731,1
24732,1
24733,0
24734,0
24735,0
24736,1
24737,0
24738,1
24739,0
24740,1
24741,0
24742,1
24743,1
24744,1
24745,1
24746,1
24747,1
24748,1
24749,1
24750,1
24751,1
24752,1
24753,1
24754,1
24755,0
24756,0
24757,1
24758,1
24759,0
24760,1
24761,0
24762,1
24763,1
24764,0
24765,1
24766,0
24767,0
24768,0
24769,0
24770,1
24771,1
24772,1
24773,0
24774,1
24775,0
24776,1
24777,0
24778,1
24779,1
24780,1
24781,0
24782,0
24783,0
24784,0
24785,1
24786,0
24787,1
24788,1
24789,0
24790,1
24791,1
24792,0
24793,0
24794,1
24795,1
24796,0
24797,1
24798,0
24799,1
24800,1
24801,0
24802,1
24803,1
24804,1
24805,0
24806,1
24807,0
24808,0
24809,1
24810,1
24811,0
24812,1
24813,1
24814,0
24815,1
24816,1
24817,1
24818,0
24819,0
24820,1
24821,0
24822,0
24823,1
24824,0
24825,1
24826,0
24827,1
24828,1
24829,0
24830,1
24831,0
24832,1
24833,1
24834,0
24835,1
24836,0
24837,0
24838,0
24839,0
24840,1
24841,1
24842,1
24843,0
24844,0
24845,1
24846,0
24847,1
24848,0
24849,1
24850,1
24851,1
24852,1
24853,0
24854,0
24855,0
24856,0
24857,1
24858,0
24859,1
24860,0
24861,0
24862,1
24863,0
24864,0
24865,0
24866,0
24867,0
24868,0
24869,0
24870,1
24871,1
24872,1
24873,1
24874,1
24875,1
24876,1
24877,1
24878,0
24879,1
24880,0
24881,0
24882,1
24883,1
24884,1
24885,1
24886,0
24887,1
24888,1
24889,1
24890,0
24891,0
24892,1
24893,0
24894,0
24895,0
24896,0
24897,0
24898,0
24899,0
24900,0
24901,0
24902,0
24903,1
24904,0
24905,1
24906,1
24907,1
24908,1
24909,1
24910,1
24911,1
24912,1
24913,1
24914,0
24915,0
24916,1
24917,1
24918,1
24919,1
24920,0
24921,0
24922,0
24923,1
24924,0
24925,1
24926,0
24927,1
24928,1
24929,1
24930,1
24931,1
24932,1
24933,1
24934,1
24935,0
24936,1
24937,0
24938,0
24939,0
24940,1
24941,1
24942,0
24943,0
24944,1
24945,0
24946,1
24947,0
24948,0
24949,1
24950,1
24951,0
24952,0
24953,1
24954,1
24955,1
24956,1
24957,1
24958,1
24959,0
24960,1
24961,1
24962,0
24963,1
24964,1
24965,0
24966,0
24967,1
24968,0
24969,0
24970,0
24971,0
24972,1
24973,1
24974,0
24975,1
24976,1
24977,0
24978,1
24979,1
24980,0
24981,0
24982,1
24983,1
24984,1
24985,1
24986,1
24987,1
24988,1
24989,1
24990,0
24991,0
24992,0
24993,1
24994,1
24995,0
24996,1
24997,0
24998,1
24999,0
25000,1
25001,0
25002,0
25003,1
25004,1
25005,1
25006,0
25007,1
25008,1
25009,1
25010,1
25011,1
25012,0
25013,0
25014,1
25015,1
25016,0
25017,1
25018,1
25019,0
25020,1
25021,0
25022,0
25023,1
25024,1
25025,1
25026,1
25027,1
25028,1
25029,1
25030,0
25031,0
25032,0
25033,0
25034,1
25035,1
25036,0
25037,0
25038,1
25039,1
25040,0
25041,0
25042,1
25043,1
25044,1
25045,0
25046,0
25047,1
25048,0
25049,0
25050,0
25051,0
25052,0
25053,0
25054,1
25055,0
25056,1
25057,0
25058,0
25059,1
25060,0
25061,1
25062,0
25063,1
25064,0
25065,0
25066,1
25067,0
25068,0
25069,1
25070,1
25071,0
25072,0
25073,1
25074,0
25075,0
25076,0
25077,0
25078,0
25079,0
25080,1
25081,0
25082,1
25083,0
25084,1
25085,1
25086,1
25087,0
25088,1
25089,1
25090,1
25091,1
25092,1
25093,1
25094,1
25095,0
25096,0
25097,0
25098,1
25099,1
25100,1
25101,0
25102,0
25103,1
25104,1
25105,0
25106,0
25107,0
25108,1
25109,0
25110,0
25111,1
25112,1
25113,1
25114,0
25115,1
25116,1
25117,1
25118,0
25119,1
25120,0
25121,1
25122,1
25123,1
25124,1
25125,1
25126,1
25127,0
25128,0
25129,1
25130,1
25131,1
25132,1
25133,0
25134,0
25135,1
25136,1
25137,0
25138,1
25139,0
25140,1
25141,0
25142,1
25143,1
25144,1
25145,1
25146,1
25147,0
25148,0
25149,0
25150,1
25151,1
25152,1
25153,1
25154,1
25155,1
25156,1
25157,1
25158,0
25159,1
25160,0
25161,1
25162,0
25163,1
25164,1
25165,0
25166,0
25167,0
25168,1
25169,1
25170,0
25171,1
25172,1
25173,0
25174,1
25175,1
25176,1
25177,1
25178,0
25179,1
25180,1
25181,1
25182,1
25183,1
25184,0
25185,0
25186,1
25187,1
25188,0
25189,1
25190,0
25191,1
25192,1
25193,1
25194,1
25195,1
25196,1
25197,1
25198,1
25199,1
25200,1
25201,1
25202,1
25203,1
25204,0
25205,0
25206,0
25207,0
25208,1
25209,1
25210,0
25211,0
25212,0
25213,1
25214,1
25215,1
25216,1
25217,0
25218,0
25219,1
25220,0
25221,0
25222,1
25223,1
25224,0
25225,1
25226,1
25227,0
25228,0
25229,1
25230,1
25231,0
25232,0
25233,1
25234,0
25235,1
25236,1
25237,1
25238,0
25239,1
25240,1
25241,0
25242,1
25243,1
25244,0
25245,1
25246,1
25247,1
25248,1
25249,0
25250,1
25251,1
25252,1
25253,1
25254,0
25255,1
25256,1
25257,1
25258,1
25259,0
25260,1
25261,1
25262,1
25263,1
25264,1
25265,1
25266,1
25267,0
25268,0
25269,0
25270,0
25271,1
25272,1
25273,1
25274,0
25275,1
25276,1
25277,1
25278,1
25279,1
25280,1
25281,0
25282,1
25283,1
25284,0
25285,1
25286,0
25287,1
25288,0
25289,1
25290,1
25291,0
25292,0
25293,0
25294,0
25295,0
25296,1
25297,1
25298,0
25299,1
25300,0
25301,1
25302,0
25303,0
25304,0
25305,1
25306,1
25307,1
25308,1
25309,1
25310,1
25311,1
25312,1
25313,1
25314,0
25315,0
25316,0
25317,0
25318,1
25319,0
25320,0
25321,1
25322,1
25323,1
25324,1
25325,1
25326,0
25327,0
25328,1
25329,1
25330,1
25331,1
25332,1
25333,0
25334,1
25335,1
25336,1
25337,0
25338,1
25339,1
25340,1
25341,0
25342,0
25343,0
25344,0
25345,0
25346,1
25347,0
25348,0
25349,1
25350,1
25351,1
25352,0
25353,0
25354,0
25355,1
25356,1
25357,1
25358,1
25359,0
25360,1
25361,1
25362,0
25363,1
25364,1
25365,0
25366,1
25367,1
25368,0
25369,0
25370,0
25371,1
25372,0
25373,1
25374,1
25375,1
25376,1
25377,0
25378,0
25379,0
25380,0
25381,1
25382,1
25383,1
25384,1
25385,0
25386,1
25387,0
25388,1
25389,1
25390,0
25391,1
25392,1
25393,0
25394,1
25395,0
25396,1
25397,0
25398,1
25399,1
25400,0
25401,0
25402,0
25403,0
25404,1
25405,0
25406,1
25407,1
25408,0
25409,1
25410,1
25411,1
25412,0
25413,1
25414,1
25415,0
25416,1
25417,0
25418,0
25419,1
25420,1
25421,1
25422,0
25423,0
25424,1
25425,1
25426,1
25427,1
25428,1
25429,1
25430,0
25431,1
25432,0
25433,1
25434,1
25435,1
25436,1
25437,1
25438,1
25439,0
25440,0
25441,0
25442,1
25443,1
25444,0
25445,1
25446,1
25447,1
25448,0
25449,0
25450,1
25451,1
25452,0
25453,1
25454,0
25455,0
25456,1
25457,1
25458,0
25459,0
25460,0
25461,0
25462,1
25463,0
25464,0
25465,1
25466,1
25467,0
25468,1
25469,1
25470,0
25471,1
25472,0
25473,0
25474,0
25475,0
25476,1
25477,1
25478,0
25479,1
25480,1
25481,1
25482,1
25483,1
25484,0
25485,1
25486,1
25487,1
25488,0
25489,0
25490,1
25491,1
25492,1
25493,1
25494,1
25495,1
25496,0
25497,1
25498,1
25499,1
25500,1
25501,0
25502,0
25503,1
25504,0
25505,1
25506,1
25507,0
25508,1
25509,1
25510,1
25511,1
25512,1
25513,0
25514,1
25515,1
25516,0
25517,0
25518,1
25519,1
25520,1
25521,1
25522,0
25523,1
25524,0
25525,0
25526,0
25527,1
25528,1
25529,0
25530,0
25531,1
25532,1
25533,1
25534,0
25535,1
25536,1
25537,0
25538,1
25539,1
25540,0
25541,1
25542,0
25543,1
25544,1
25545,1
25546,0
25547,0
25548,1
25549,0
25550,0
25551,0
25552,1
25553,0
25554,1
25555,0
25556,1
25557,1
25558,1
25559,1
25560,0
25561,1
25562,0
25563,1
25564,0
25565,1
25566,1
25567,1
25568,1
25569,0
25570,1
25571,0
25572,1
25573,1
25574,1
25575,1
25576,1
25577,1
25578,0
25579,1
25580,1
25581,1
25582,0
25583,1
25584,0
25585,0
25586,1
25587,0
25588,1
25589,0
25590,0
25591,1
25592,1
25593,0
25594,0
25595,0
25596,0
25597,0
25598,1
25599,1
25600,0
25601,1
25602,1
25603,0
25604,1
25605,0
25606,1
25607,0
25608,0
25609,1
25610,0
25611,0
25612,0
25613,1
25614,0
25615,1
25616,0
25617,1
25618,1
25619,0
25620,0
25621,0
25622,1
25623,1
25624,1
25625,1
25626,1
25627,1
25628,1
25629,1
25630,1
25631,0
25632,0
25633,1
25634,1
25635,1
25636,1
25637,0
25638,1
25639,1
25640,1
25641,1
25642,0
25643,1
25644,0
25645,1
25646,0
25647,0
25648,1
25649,1
25650,0
25651,1
25652,1
25653,0
25654,1
25655,0
25656,0
25657,0
25658,0
25659,1
25660,0
25661,1
25662,0
25663,1
25664,1
25665,0
25666,1
25667,1
25668,1
25669,1
25670,1
25671,0
25672,1
25673,0
25674,1
25675,1
25676,1
25677,1
25678,1
25679,1
25680,0
25681,0
25682,0
25683,1
25684,1
25685,1
25686,1
25687,0
25688,1
25689,1
25690,0
25691,1
25692,1
25693,1
25694,1
25695,1
25696,1
25697,1
25698,0
25699,1
25700,1
25701,0
25702,1
25703,0
25704,0
25705,1
25706,0
25707,1
25708,0
25709,1
25710,1
25711,1
25712,1
25713,0
25714,1
25715,1
25716,0
25717,1
25718,1
25719,1
25720,0
25721,1
25722,1
25723,1
25724,1
25725,0
25726,1
25727,1
25728,0
25729,1
25730,1
25731,1
25732,1
25733,0
25734,1
25735,1
25736,0
25737,1
25738,0
25739,0
25740,1
25741,1
25742,0
25743,1
25744,0
25745,0
25746,1
25747,1
25748,0
25749,0
25750,0
25751,1
25752,0
25753,1
25754,0
25755,1
25756,1
25757,1
25758,0
25759,1
25760,0
25761,1
25762,1
25763,1
25764,1
25765,1
25766,0
25767,0
25768,1
25769,1
25770,0
25771,0
25772,1
25773,0
25774,1
25775,1
25776,1
25777,0
25778,0
25779,1
25780,0
25781,0
25782,1
25783,1
25784,1
25785,1
25786,0
25787,0
25788,0
25789,0
25790,0
25791,0
25792,0
25793,1
25794,1
25795,0
25796,1
25797,0
25798,1
25799,0
25800,1
25801,1
25802,1
25803,1
25804,0
25805,0
25806,0
25807,0
25808,0
25809,0
25810,0
25811,0
25812,0
25813,0
25814,1
25815,1
25816,1
25817,1
25818,1
25819,1
25820,1
25821,1
25822,1
25823,0
25824,1
25825,0
25826,1
25827,1
25828,0
25829,0
25830,1
25831,1
25832,0
25833,1
25834,1
25835,1
25836,0
25837,1
25838,1
25839,1
25840,1
25841,0
25842,1
25843,1
25844,0
25845,1
25846,1
25847,0
25848,0
25849,1
25850,0
25851,1
25852,1
25853,1
25854,1
25855,0
25856,0
25857,1
25858,0
25859,0
25860,1
25861,1
25862,1
25863,0
25864,1
25865,1
25866,1
25867,1
25868,0
25869,1
25870,0
25871,1
25872,0
25873,1
25874,1
25875,1
25876,0
25877,0
25878,0
25879,1
25880,1
25881,1
25882,0
25883,0
25884,1
25885,0
25886,0
25887,1
25888,0
25889,0
25890,1
25891,0
25892,1
25893,1
25894,0
25895,1
25896,1
25897,1
25898,0
25899,1
25900,0
25901,1
25902,1
25903,1
25904,1
25905,1
25906,1
25907,1
25908,0
25909,1
25910,0
25911,0
25912,0
25913,0
25914,1
25915,0
25916,1
25917,1
25918,1
25919,0
25920,1
25921,1
25922,1
25923,1
25924,0
25925,0
25926,1
25927,0
25928,0
25929,1
25930,1
25931,1
25932,0
25933,1
25934,1
25935,0
25936,0
25937,0
25938,0
25939,1
25940,1
25941,1
25942,0
25943,1
25944,1
25945,1
25946,1
25947,1
25948,0
25949,1
25950,0
25951,1
25952,0
25953,1
25954,0
25955,0
25956,1
25957,1
25958,1
25959,0
25960,0
25961,1
25962,0
25963,1
25964,1
25965,1
25966,0
25967,0
25968,1
25969,0
25970,0
25971,0
25972,1
25973,0
25974,0
25975,0
25976,0
25977,1
25978,1
25979,0
25980,0
25981,0
25982,1
25983,0
25984,0
25985,0
25986,1
25987,0
25988,1
25989,1
25990,0
25991,1
25992,1
25993,1
25994,1
25995,1
25996,1
25997,1
25998,1
25999,0
